﻿Description,Company ID,Location,Department,Project,Account,Account Name
Labor,"(77079) Deriva Energy Sub I
(75752) Deriva Energy Wind, LLC
(77079) Deriva Energy Sub I
(75752) Deriva Energy Wind, LLC
(75969) Deriva Energy Storage, LLC
(75736) - General & Admin","DSOP
DWOP
DCS4
DWE1
STRG
DSOL",,"DSOP25G001
DWOP25G001
DCS425G001
DWE125G001
STRG25G001
DSOL25G001",512101,Salaries and Wages - Regular Hours - Salaried
Labor - NERC and PI support,"(75736) Deriva Energy Services, LLC",DSOL,,DSOLITWS,512101,Salaries and Wages - Regular Hours - Salaried
Contract Workers,"(75736) Deriva Energy Services, LLC",DSOL,Contact IT Manager,,515220,Consultant - Staff Augmentation
Contract Workers - NERC and PI support,"(75736) Deriva Energy Services, LLC",DSOL,Contact IT Manager,DSOLITWS,515220,Consultant - Staff Augmentation
"PMD
 (personal mobile device)","(75736) Deriva Energy Services, LLC",DSOL,See Employee Dept List (Accessible now via Workday),,513105,Telecom - Cellular Service
Parking,"(75736) Deriva Energy Services, LLC",DSOL,See Employee Dept List (Accessible now via Workday),,517102,Transportation - Tolls and Parking
Travel - Lodging,"(75736) Deriva Energy Services, LLC",DSOL,See Employee Dept List (Accessible now via Workday),,517110,Accommodations Hotel / Lodging Expenses
Travel - Auto Rental & Rental Car Fuel,"(75736) Deriva Energy Services, LLC",DSOL,See Employee Dept List (Accessible now via Workday),,517105,Transportation - Auto Rental and Rental Car Fuel
Travel - Flight / Airfare,"(75736) Deriva Energy Services, LLC",DSOL,See Employee Dept List (Accessible now via Workday),,517103,Transportation - Flight / Airfare
"Travel - Ground Bus, Taxi","(75736) Deriva Energy Services, LLC",DSOL,See Employee Dept List (Accessible now via Workday),,517104,Transportation - Ground Bus Taxi
Travel - Meals - Individual,"(75736) Deriva Energy Services, LLC",DSOL,See Employee Dept List (Accessible now via Workday),,517200,Meals
Travel - Meals - Small Teams (Max 8-10),"(75736) Deriva Energy Services, LLC",DSOL,See Employee Dept List (Accessible now via Workday),,517200,Meals
Travel - Mileage Reimbursement,"(75736) Deriva Energy Services, LLC",DSOL,See Employee Dept List (Accessible now via Workday),,517101,Transportation - Mileage Reimbursement
Travel - Other Transportation,"(75736) Deriva Energy Services, LLC",DSOL,See Employee Dept List (Accessible now via Workday),,517100,Transportation - Other
Travel - Tolls,"(75736) Deriva Energy Services, LLC",DSOL,See Employee Dept List (Accessible now via Workday),,517102,Transportation - Tolls and Parking
Conferences and Seminars,"(75736) Deriva Energy Services, LLC",DSOL,See Employee Dept List (Accessible now via Workday),,517400,Conferences and Seminars
Training,"(75736) Deriva Energy Services, LLC",DSOL,See Employee Dept List (Accessible now via Workday),,517501,Employee Training
Memberships,"(75736) Deriva Energy Services, LLC",DSOL,See Employee Dept List (Accessible now via Workday),,517600,Memberships
Shipping/Freight,"(75736) Deriva Energy Services, LLC",DSOL,8031,,514130,Maintenance Material Freight Out Courier/Trucking
Team Building,"(75736) Deriva Energy Services, LLC",DSOL,8034,,517111,Entertainment (Staff & External Guests)
Late Charges,"(75736) Deriva Energy Services, LLC",DSOL,Contact IT Manager,,513719,Other Fees
Azure,"(75736) Deriva Energy Services, LLC",DSOL,8031,,514301,IT Software
AWS,"(75736) Deriva Energy Services, LLC",DSOL,8032,,514301,IT Software
Redshift,"(75736) Deriva Energy Services, LLC",DSOL,8032,,514301,IT Software
MS Unified Support,"(75736) Deriva Energy Services, LLC",DSOL,8031,,514301,IT Software
Litera,"(75736) Deriva Energy Services, LLC",DSOL,8031,,514301,IT Software
Digital Reality,"(75736) Deriva Energy Services, LLC",DSOL,8031,DSOLITWSB,514302,IT Hardware
Telco Circuits,Individual Sites,Individual Sites,8031,XXXX25G018,513102,Telecom - Telephone
M365 Licensing,"(75736) Deriva Energy Services, LLC",DSOL,8031,,514301,IT Software
Solar Winds,"(75736) Deriva Energy Services, LLC",DSOL,8031,DSOLITWSB,514301,IT Software
End User Software,"(75736) Deriva Energy Services, LLC",DSOL,8031,,514301,IT Software
Adobe Licensing,"(75736) Deriva Energy Services, LLC",DSOL,8031,,514301,IT Software
Verizon,"(75736) Deriva Energy Services, LLC",DSOL,8031,DSOLITWSBC,513102,Telecom - Telephone
Door James (Workstation Reservation),"(75736) Deriva Energy Services, LLC",DSOL,8031,,514301,IT Software
Printers,"(75736) Deriva Energy Services, LLC",DSOL,8031,,514302,IT Hardware
Team Viewer Licensing,"(75736) Deriva Energy Services, LLC",DSOL,8031,,514301,IT Software
Citrix,"(75736) Deriva Energy Services, LLC",DSOL,8031,DSOLITWSB,514301,IT Software
Domain Management - Cloudflare,"(75736) Deriva Energy Services, LLC",DSOL,8031,,514301,IT Software
Cloudockit,"(75736) Deriva Energy Services, LLC",DSOL,8031,,514301,IT Software
Checkpoint,"(75736) Deriva Energy Services, LLC",DSOL,8031,,514302,IT Hardware
Office Hardware - IT,"(75736) Deriva Energy Services, LLC",DSOL,8031,,514302,IT Hardware
Office Hardware - OT,"(75736) Deriva Energy Services, LLC",DSOL,8031,,514302,IT Hardware
Password Management Tool,"(75736) Deriva Energy Services, LLC",DSOL,8033,,514301,IT Software
VMWare,"(75736) Deriva Energy Services, LLC",DSOL,8031,DSOLITWSB,514301,IT Software
Badging,"(75736) Deriva Energy Services, LLC",DSOL,8031,DSOLITWSB,514301,IT Software
Cisco,"(75736) Deriva Energy Services, LLC",DSOL,8031,,514302,IT Hardware
Palo Alto,"(75736) Deriva Energy Services, LLC",DSOL,8031,DSOLITWSB,514302,IT Hardware
Jira,"(75736) Deriva Energy Services, LLC",DSOL,8032,,514301,IT Software
Miro,"(75736) Deriva Energy Services, LLC",DSOL,8032,,514301,IT Software
Workato,"(75736) Deriva Energy Services, LLC",DSOL,8032,,514301,IT Software
Acquis Consulting (Concur Support),"(75736) Deriva Energy Services, LLC",DSOL,8035,,515200,Consultant Other
Cerebro Capital (debt compliance),"(75736) Deriva Energy Services, LLC",DSOL,8035,,514301,IT Software
IT2 (ROB),"(75736) Deriva Energy Services, LLC",DSOL,8035,,514301,IT Software
IFS (ROB),"(75736) Deriva Energy Services, LLC",DSOL,8035,,514301,IT Software
Certent Disclosure Management (replaces Wdesk) bf Allocation,"(75736) Deriva Energy Services, LLC",DSOL,8035,,514301,IT Software
Basware or Medius - selection IP ,"(75736) Deriva Energy Services, LLC",DSOL,8035,,514301,IT Software
OneStream (Rob),"(75736) Deriva Energy Services, LLC",DSOL,8035,,514301,IT Software
DSA Tool,"(75736) Deriva Energy Services, LLC",DSOL,8030,,514301,IT Software
TRM Tracker (BF Allocations),"(75736) Deriva Energy Services, LLC",DSOL,8030,,514301,IT Software
ZE Power (BF Allocations),"(75736) Deriva Energy Services, LLC",DSOL,8030,,514301,IT Software
Morningstar (Subscription and Excel Add-in),"(75736) Deriva Energy Services, LLC",DSOL,8030,,514301,IT Software
PSC - GE EMS Support,"(75736) Deriva Energy Services, LLC",DSOL,8030,DSOLITWSB,515200,Consultant Other
Excele Support,"(75736) Deriva Energy Services, LLC",DSOL,8030,DSOLITWSB,515200,Consultant Other
Maximo (Projetech),"(75736) Deriva Energy Services, LLC",DSOL,8030,DSOLITWSBC,514301,IT Software
EZMax (Maximo),"(75736) Deriva Energy Services, LLC",DSOL,8030,DSOLITWSBC,514301,IT Software
PaSTA (Maximo),"(75736) Deriva Energy Services, LLC",DSOL,8030,DSOLITWSBC,514301,IT Software
GEMS / Provider-Computershare,"(75736) Deriva Energy Services, LLC",DSOL,8030,,514301,IT Software
MV-90,"(75736) Deriva Energy Services, LLC",DSOL,8030,DSOLITWSB,514301,IT Software
GE EMS,"(75736) Deriva Energy Services, LLC",DSOL,8030,DSOLITWSB,514301,IT Software
VT Scada,"(75736) Deriva Energy Services, LLC",DSOL,8030,DSOLITWSB,514301,IT Software
Kepware (PI OPC Interface),"(75736) Deriva Energy Services, LLC",DSOL,8030,DSOLITWSB,514301,IT Software
Seeq,"(75736) Deriva Energy Services, LLC",DSOL,8030,DSOLITWS,514301,IT Software
"PI (Multiple Products, AVEVA)","(75736) Deriva Energy Services, LLC",DSOL,8030,DSOLITWS,113200,IT Software
Hartigen PowerOptix,"(75736) Deriva Energy Services, LLC",DSOL,8030,,514301,IT Software
Litmos,"(75736) Deriva Energy Services, LLC",DSOL,8030,,514301,IT Software
Procore ,"(75736) Deriva Energy Services, LLC",DSOL,8030,,514301,IT Software
BenePass,"(75736) Deriva Energy Services, LLC",DSOL,8035,,514301,IT Software
Landworks,"(75736) Deriva Energy Services, LLC",DSOL,8030,,514301,IT Software
Exterro,"(75736) Deriva Energy Services, LLC",DSOL,8035,,514301,IT Software
SimpleLegal,"(75736) Deriva Energy Services, LLC",DSOL,8035,,514301,IT Software
Identiflight - Eagle Imaging,(75785) Top of the World Wind Energy LLC,TOPW,8030,,514301,IT Software
Identiflight - Eagle Imaging,"(75764) Three Buttes Windpower, LLC",TBWP,8030,,514301,IT Software
Identiflight - Eagle Imaging,"(75940) Ledyard Windpower, LLC",LEDY,8030,,514301,IT Software
Identiflight - Eagle Imaging,"(75880) Frontier Windpower II, LLC",FRN2,8030,,514301,IT Software
Poseidon ,"(75736) Deriva Energy Services, LLC",DSOL,8030,DSOLITWIND,514301,IT Software
Onyx,"(75736) Deriva Energy Services, LLC",DSOL,8030,DSOLITWIND,514301,IT Software
Vaisala - Revenue Deviation,"(75736) Deriva Energy Services, LLC",DSOL,8030,DSOLITWSB,514301,IT Software
Milestone,"(75736) Deriva Energy Services, LLC",DSOL,8030,DSOLITSLR,514301,IT Software
Milestonem - DataLink,"(75736) Deriva Energy Services, LLC",DSOL,8030,DSOLITSLR,514301,IT Software
Structrz.com,"(75736) Deriva Energy Services, LLC",DCSV,8030,,514301,IT Software
Holman,"(75736) Deriva Energy Services, LLC",DSOL,8030,DSOLITWSBC,514301,IT Software
System1 (Adapt.Wind),"(75736) Deriva Energy Services, LLC",DSOL,8030,DSOLITWIND,514301,IT Software
"TCM (Gram & Juhl, TCM, TCM Enterprise)",(75785) Top of the World Wind Energy LLC,TOPW,8030,,514301,IT Software
"TCM (Gram & Juhl, TCM, TCM Enterprise)","(75865) Laurel Hill Wind Energy, LLC",CLHW,8030,,514301,IT Software
"TCM (Gram & Juhl, TCM, TCM Enterprise)","(75679) Cimarron Windpower II, LLC",CM2W,8030,,514301,IT Software
"TCM (Gram & Juhl, TCM, TCM Enterprise)","(75683) Los Vientos Windpower IA, LLC",LV1A,8030,,514301,IT Software
"TCM (Gram & Juhl, TCM, TCM Enterprise)","(75676) Ironwood Windpower, LLC",IWWP,8030,,514301,IT Software
PAS - Procedure Automation System,"(75736) Deriva Energy Services, LLC",DSOL,8030,DSOLITWSB,514301,IT Software
KPA fLEX,"(75736) Deriva Energy Services, LLC",DSOL,8030,DSOLITWSBC,514301,IT Software
Alteryx workflow (10 user est),"(75736) Deriva Energy Services, LLC",DSOL,8030,,514301,IT Software
Ascend (Qtrly Subscription) (15k per qtr + 36k annual),"(77079) Deriva Energy Sub I, LLC
(75752) Deriva Energy Wind, LLC
(75969) Deriva Energy Storage, LLC","DCS4: 25%
DWE1: 25%
STRG: 50%",8030,,514301,IT Software
Hitachi ABB Fundamental Curve Subscription ,"(77079) Deriva Energy Sub I, LLC
(75752) Deriva Energy Wind, LLC
(75969) Deriva Energy Storage, LLC","DCS4: 45%
DWE1: 45%
STRG: 10%",8030,,514301,IT Software
Wood Mackenzie,"(77079) Deriva Energy Sub I, LLC
(75752) Deriva Energy Wind, LLC
(75969) Deriva Energy Storage, LLC","DCS4: 50%
DWE1: 25%
STRG: 25%",8030,,514301,IT Software
SirionLab-Conga ($90 * 10 users per month),"(75736) Deriva Energy Services, LLC",DSOL,8030,,514301,IT Software
"Nira (MISO, SPP, TVA)","(77079) Deriva Energy Sub I, LLC
(75752) Deriva Energy Wind, LLC
(75969) Deriva Energy Storage, LLC","DCS4: 50%
DWE1: 25%
STRG: 25%",8030,,514301,IT Software
GPI Strategies,"(75736) Deriva Energy Services, LLC",DSOL,8030,DSOLITWSBC,514301,IT Software
RTO Insider,"(75736) Deriva Energy Services, LLC",DSOL,8030,,514301,IT Software
EnerKnol (Subscription),"(77079) Deriva Energy Sub I, LLC
(75752) Deriva Energy Wind, LLC
(75969) Deriva Energy Storage, LLC","DCS4: 30%
DWE1: 30%
STRG: 40%",8030,,514301,IT Software
Pivvot (Subscription),"(77079) Deriva Energy Sub I, LLC
(75752) Deriva Energy Wind, LLC
(75969) Deriva Energy Storage, LLC","DCS4: 50%
DWE1: 25%
STRG: 25%",8030,,514301,IT Software
PowerDB lite,"(75736) Deriva Energy Services, LLC",DSOL,8030,,514301,IT Software
Primavera,"(77079) Deriva Energy Sub I, LLC
(75752) Deriva Energy Wind, LLC
(75969) Deriva Energy Storage, LLC","DCS4: 50%
DWE1: 25%
STRG: 25%",8030,,514301,IT Software
PSCAD,"(75736) Deriva Energy Services, LLC",DSOL,8030,,514301,IT Software
PVCAD,"(77079) Deriva Energy Sub I, LLC",DCS4,8030,,514301,IT Software
PVSYST,"(77079) Deriva Energy Sub I, LLC",DCS4,8030,,514301,IT Software
Arc Pro,"(75736) Deriva Energy Services, LLC",DSOL,8030,,514301,IT Software
Aarc Cad Civil 3D,"(75736) Deriva Energy Services, LLC",DSOL,8030,,514301,IT Software
ArcGIS Pro,"(75736) Deriva Energy Services, LLC",DSOL,8030,,514301,IT Software
Siemens PSSE,"(75736) Deriva Energy Services, LLC",DSOL,8030,DSOLITWS,514301,IT Software
SKM Systems Analysis,"(75736) Deriva Energy Services, LLC",DSOL,8030,,514301,IT Software
PowerDB Pro,"(75736) Deriva Energy Services, LLC",DSOL,8030,,514301,IT Software
Articulate license,"(75736) Deriva Energy Services, LLC",DSOL,8030,,514301,IT Software
ISNetworld,"(75736) Deriva Energy Services, LLC",DSOL,8030,,514301,IT Software
Open Meteo (RCC),"(75736) Deriva Energy Services, LLC",DSOL,8030,,514301,IT Software
Force5 (CliqKey) (RCC),"(75736) Deriva Energy Services, LLC",DSOL,8030,DSOLITWSB,514301,IT Software
CES WAN XML Data Services ,"(75736) Deriva Energy Services, LLC",DSOL,8030,,513102,Telecom - Telephone
Oracle NetSuite,"(75736) Deriva Energy Services, LLC",DSOL,8035,,514301,IT Software
Caravel (project cost) (one time),"(75736) Deriva Energy Services, LLC",DSOL,8035,DSOLM24018,515200,Consultant Other
Work Day,"(75736) Deriva Energy Services, LLC",DSOL,8035,,514301,IT Software
Work Day - change orders,"(75736) Deriva Energy Services, LLC",DSOL,8035,,515200,Consultant Other
Top Bloc (workday support),"(75736) Deriva Energy Services, LLC",DSOL,8035,,515200,Consultant Other
Karta,"(75736) Deriva Energy Services, LLC",DSOL,8033,,514301,IT Software
Lumen,"(75736) Deriva Energy Services, LLC",DSOL,8031,DSOLITWSB,515200,Consultant Other
CGI SOC,"(75736) Deriva Energy Services, LLC",DSOL,8033,,515200,Consultant Other
Tenable,"(75736) Deriva Energy Services, LLC",DSOL,8033,,514301,IT Software
KnowBe4,"(75736) Deriva Energy Services, LLC",DSOL,8033,,514301,IT Software
BDO/DataBrix,"(75736) Deriva Energy Services, LLC",DSOL,8032,,514301,IT Software
Hartigen support for PowerOptix ,"(75736) Deriva Energy Services, LLC",DSOL,8030,,515200,Consultant Other
Curate,"(77079) Deriva Energy Sub I, LLC
(75752) Deriva Energy Wind, LLC
(75969) Deriva Energy Storage, LLC","DCS4: 50%
DWE1: 25%
STRG: 25%",8030,,514301,IT Software
Fractal,"(77079) Deriva Energy Sub I, LLC
(75752) Deriva Energy Wind, LLC
(75969) Deriva Energy Storage, LLC","DCS4: 50%
DWE1: 25%
STRG: 25%",8030,,514301,IT Software
New CRM (Hubspot),"(77079) Deriva Energy Sub I, LLC
(75752) Deriva Energy Wind, LLC
(75969) Deriva Energy Storage, LLC","DCS4: 50%
DWE1: 25%
STRG: 25%",8030,,514301,IT Software
New Project Media (subscription),"(77079) Deriva Energy Sub I, LLC
(75752) Deriva Energy Wind, LLC
(75969) Deriva Energy Storage, LLC","DCS4: 50%
DWE1: 25%
STRG: 25%",8030,,514301,IT Software
Transmission software (one time setup) (Capital Markets),"(77079) Deriva Energy Sub I, LLC
(75752) Deriva Energy Wind, LLC
(75969) Deriva Energy Storage, LLC","DCS4: 45%
DWE1: 45%
STRG: 10%",8030,,514301,IT Software
Transmission software cost (Capital Markets),"(77079) Deriva Energy Sub I, LLC
(75752) Deriva Energy Wind, LLC
(75969) Deriva Energy Storage, LLC","DCS4: 45%
DWE1: 45%
STRG: 10%",8030,,514301,IT Software
Rapid 7 (Vulnerability management external scans of all PortCos),"(75736) Deriva Energy Services, LLC",DSOL,8033,,515200,Consultant Other
Dark Owl (Threat Intelligence program),"(75736) Deriva Energy Services, LLC",DSOL,8033,,515200,Consultant Other
KPMG – Situational awareness and Regulatory reviews ,"(75736) Deriva Energy Services, LLC",DSOL,8033,,515200,Consultant Other
Shodan (vulnerability management),"(75736) Deriva Energy Services, LLC",DSOL,8033,,515200,Consultant Other
Incident Response Retainer with external third-party ,"(75736) Deriva Energy Services, LLC",DSOL,8033,,515200,Consultant Other
Third-party NIST CSF 2.0 Maturity Assessment for Operations ,"(75736) Deriva Energy Services, LLC",DSOL,8033,,515200,Consultant Other
External Disaster Recovery Fire drill ,"(75736) Deriva Energy Services, LLC",DSOL,8033,,515200,Consultant Other
"OneTrust (Third party, Incident Response, Privacy Risk Management)","(75736) Deriva Energy Services, LLC",DSOL,8033,,515200,Consultant Other
Scipher app - LV3,"(75668) Los Vientos Windpower III, LLC",LV03,8030,,514301,IT Software
Scipher app - LV4,"(75801) Los Vientos Windpower IV, LLC",LV04,8030,,514301,IT Software
Scipher app - LV5,"(75808) Los Vientos Windpower V, LLC",LV05,8030,,514301,IT Software
YES Energy,"(75736) Deriva Energy Services, LLC",DSOL,8030,,514301,IT Software
Threads (HR related),"(75736) Deriva Energy Services, LLC",DSOL,8030,,514301,IT Software
,,,,,,
"IT Allocation to Wind, Solar & Battery","(75736) Deriva Energy Services, LLC",DSOL,,DSOLITWSB,,
"IT Allocation to Wind, Solar, Batt & Cntrl Svcs","(75736) Deriva Energy Services, LLC",DSOL,,DSOLITWSBC,,
IT Allocation to Wind & Solar Assets,"(75736) Deriva Energy Services, LLC",DSOL,,DSOLITWS,,
IT Allocation to Wind Assets,"(75736) Deriva Energy Services, LLC",DSOL,,DSOLITWIND,,
IT Allocation to Solar Assets,"(75736) Deriva Energy Services, LLC",DSOL,,DSOLITSLR,,
Deriva ETRM RFP selection and ETRM implementation,"(75736) Deriva Energy Services, LLC",DSOL,,DETRMRFP25,,
Core ERP,"(75736) Deriva Energy Services, LLC",DSOL,8030,DSOLM24001,,
Core HRIS System,"(75736) Deriva Energy Services, LLC",DSOL,8030,DSOLM24002,,
New Deriva HRIS,"(75736) Deriva Energy Services, LLC",DSOL,8030,DSOLM24003,,
IT and HR Helpdesk Solution ,"(75736) Deriva Energy Services, LLC",DSOL,8031,DSOLM24004,,
ETRM Solution & Bid to Bill,"(75736) Deriva Energy Services, LLC",DSOL,8030,DSOLM24005,,
"Operational Data Management (PI Systems), EMS, Meters","(75736) Deriva Energy Services, LLC",DSOL,8030,DSOLM24006,,
Integration Layer & Data Analytics,"(75736) Deriva Energy Services, LLC",DSOL,8032,DSOLM24007,,
"Core Workflow Management [Maximo (Projetech), PasTa, EZMax ]","(75736) Deriva Energy Services, LLC",DSOL,8030,DSOLM24008,,
Other Key apps for cloning and extraction,"(75736) Deriva Energy Services, LLC",DSOL,8030,DSOLM24009,,
Data Center & Colo Migration,"(75736) Deriva Energy Services, LLC",DSOL,8031,DSOLM24010,,
Sites migrations,"(75736) Deriva Energy Services, LLC",DSOL,8031,DSOLM24011,,
Cloud Foundation Setup,"(75736) Deriva Energy Services, LLC",DSOL,8032,DSOLM24012,,
Network and Telecom Setup,"(75736) Deriva Energy Services, LLC",DSOL,8031,DSOLM24013,,
Cybersecurity and AD Setup,"(75736) Deriva Energy Services, LLC",DSOL,8033,DSOLM24014,,
"Email, SharePoint & End User Compute Setup","(75736) Deriva Energy Services, LLC",DSOL,8031,DSOLM24015,,
Other IT Infra Tools Setup,"(75736) Deriva Energy Services, LLC",DSOL,8031,DSOLM24016,,
Physical Security Setup (Sites),"(75736) Deriva Energy Services, LLC",DSOL,8031,DSOLM24017,,
Oracle ERP,"(75736) Deriva Energy Services, LLC",DSOL,8030,DSOLM24018,,
